"bmi_30","bmi_30_35","bmi_35_40","bmi_40","antibiotics","ever_smoker","pre_comor_Group3_Endocrine","pre_comor_Anemia","pre_comor_Group5_MentalDisorder","pre_comor_Group6_Nervous","pre_comor_Hypertension","pre_comor_Group8_Respiratory","pre_comor_Rheumatism"
0.102901281085154,0.0693669932177845,0.0413149962321025,0.0364167294649586,0,0.114242652599849,0,0.019819140919367,0.0201959306706858,0.0505651846269781,0.115146948003014,0.0452147701582517,0.0846269781461944
0.0883913150752529,0.0672958302491981,0.0476190476190476,0.0466938070565014,0.337281026400197,1,0.876881322477177,0.328645447816432,0.389094497902788,0.676042437700469,0.79694053787318,0.741919565753763,0.548235874660745
0.0874420307542104,0.0658408591652429,0.0466804979253112,0.0500366121552355,0.343177935074445,0,0.901147180864047,0.358799121308274,0.33878447644618,0.992921649987796,0.802538442762997,0.609958506224066,0.628508664876739
0.0957883369330454,0.06792656587473,0.0474622030237581,0.0388228941684665,1,0.201511879049676,0.855723542116631,0.176889848812095,0.109503239740821,0.126565874730022,1,0.238444924406048,0.195032397408207
0.106309420916162,0.0673617113223855,0.0416486603284356,0.0346802074330164,0.421132238547969,0.160328435609334,1,0.128997407087295,0.0946413137424373,0.130077787381158,0,0.194036300777874,0.0702247191011236
0.0733826842613454,0.0679514000643708,0.0536691342130673,0.0549967814612166,0,0.121017058255552,0.945606694560669,0.164467331831349,0.085291277759897,0.0849694238815578,1,0.191181203733505,0
0.126050947421257,0.0675116074789811,0.033536202785795,0.0229012423139666,1,0.0685154975530179,0,0.0220855816288116,0.0183209938511733,0.0447985945538963,0.0906010791818296,0.0560923578868114,0.0747898105157485
0.0833949704142012,0.0673076923076923,0.046875,0.0524223372781065,0,0.163461538461538,0.886834319526627,0.223002958579882,0.13905325443787,0,0.76405325443787,0.251479289940828,1
